{"statuses": [{"created_at": "Sun Dec 17 12:11:33 +0000 2017", "id": 942366656449449984, "id_str": "942366656449449984", "text": "RT:machinelearnbot: Python for Data Science and Machine Learning Bootcamp https://t.co/upEfnZ8fKB #machinelearning", "truncated": false, "entities": {"hashtags": [{"text": "machinelearning", "indices": [98, 114]}], "symbols": [], "user_mentions": [], "urls": [{"url": "https://t.co/upEfnZ8fKB", "expanded_url": "https://click.linksynergy.com/link?id=*YZD2vKyNUY&offerid=358574.903744&type=2&murl=https%3A%2F%2Fwww.udemy.com%2Fpython-for-data-science-and-machine-learning-bootcamp%2F", "display_url": "click.linksynergy.com/link?id=*YZD2v\u2026", "indices": [74, 97]}]}, "metadata": {"iso_language_code": "en", "result_type": "recent"}, "source": "<a href=\"https://ifttt.com\" rel=\"nofollow\">IFTTT</a>", "in_reply_to_status_id": null, "in_reply_to_status_id_str": null, "in_reply_to_user_id": null, "in_reply_to_user_id_str": null, "in_reply_to_screen_name": null, "user": {"id": 230403822, "id_str": "230403822", "name": "Andy Sugden", "screen_name": "AndySugs", "location": "Lancs, NW England", "description": "Father ov 3 who supports LFC & likes 2 do odd T-SQL query. Buzz off SQL BI, House tunes, reading news & airing me views #SQLServer #PowerBI #DataScience #rstats", "url": null, "entities": {"description": {"urls": []}}, "protected": false, "followers_count": 3559, "friends_count": 4984, "listed_count": 274, "created_at": "Sat Dec 25 10:11:58 +0000 2010", "favourites_count": 1817, "utc_offset": null, "time_zone": null, "geo_enabled": true, "verified": false, "statuses_count": 484220, "lang": "en", "contributors_enabled": false, "is_translator": false, "is_translation_enabled": false, "profile_background_color": "C0DEED", "profile_background_image_url": "http://abs.twimg.com/images/themes/theme1/bg.png", "profile_background_image_url_https": "https://abs.twimg.com/images/themes/theme1/bg.png", "profile_background_tile": false, "profile_image_url": "http://pbs.twimg.com/profile_images/482534534768898048/-dVcutqH_normal.jpeg", "profile_image_url_https": "https://pbs.twimg.com/profile_images/482534534768898048/-dVcutqH_normal.jpeg", "profile_banner_url": "https://pbs.twimg.com/profile_banners/230403822/1493417607", "profile_link_color": "1DA1F2", "profile_sidebar_border_color": "C0DEED", "profile_sidebar_fill_color": "DDEEF6", "profile_text_color": "333333", "profile_use_background_image": true, "has_extended_profile": false, "default_profile": true, "default_profile_image": false, "following": false, "follow_request_sent": false, "notifications": false, "translator_type": "none"}, "geo": null, "coordinates": null, "place": null, "contributors": null, "is_quote_status": false, "retweet_count": 0, "favorite_count": 0, "favorited": false, "retweeted": false, "possibly_sensitive": false, "lang": "en"}, {"created_at": "Sun Dec 17 12:11:32 +0000 2017", "id": 942366650153574402, "id_str": "942366650153574402", "text": "RT @DeepLearn007: My Favourites 2017: Popular Machine Learning Algorithms\nImage Source MathWorks (FYI Reinforcement Learning is mentioned i\u2026", "truncated": false, "entities": {"hashtags": [], "symbols": [], "user_mentions": [{"screen_name": "DeepLearn007", "name": "AI", "id": 841437061, "id_str": "841437061", "indices": [3, 16]}], "urls": []}, "metadata": {"iso_language_code": "en", "result_type": "recent"}, "source": "<a href=\"http://twitter.com/download/android\" rel=\"nofollow\">Twitter for Android</a>", "in_reply_to_status_id": null, "in_reply_to_status_id_str": null, "in_reply_to_user_id": null, "in_reply_to_user_id_str": null, "in_reply_to_screen_name": null, "user": {"id": 928097493182582785, "id_str": "928097493182582785", "name": "Tejaswini", "screen_name": "Tejaswi13595979", "location": "Bengaluru, India", "description": "#IOT, #Deep Learning, #Machine Learning", "url": null, "entities": {"description": {"urls": []}}, "protected": false, "followers_count": 42, "friends_count": 5, "listed_count": 0, "created_at": "Wed Nov 08 03:11:00 +0000 2017", "favourites_count": 358, "utc_offset": null, "time_zone": null, "geo_enabled": false, "verified": false, "statuses_count": 526, "lang": "en", "contributors_enabled": false, "is_translator": false, "is_translation_enabled": false, "profile_background_color": "F5F8FA", "profile_background_image_url": null, "profile_background_image_url_https": null, "profile_background_tile": false, "profile_image_url": "http://pbs.twimg.com/profile_images/930794290996903936/eC4TIAg-_normal.jpg", "profile_image_url_https": "https://pbs.twimg.com/profile_images/930794290996903936/eC4TIAg-_normal.jpg", "profile_link_color": "1DA1F2", "profile_sidebar_border_color": "C0DEED", "profile_sidebar_fill_color": "DDEEF6", "profile_text_color": "333333", "profile_use_background_image": true, "has_extended_profile": true, "default_profile": true, "default_profile_image": false, "following": false, "follow_request_sent": false, "notifications": false, "translator_type": "none"}, "geo": null, "coordinates": null, "place": null, "contributors": null, "retweeted_status": {"created_at": "Sat Dec 16 17:46:23 +0000 2017", "id": 942088531614236674, "id_str": "942088531614236674", "text": "My Favourites 2017: Popular Machine Learning Algorithms\nImage Source MathWorks (FYI Reinforcement Learning is menti\u2026 https://t.co/3lneszFg1m", "truncated": true, "entities": {"hashtags": [], "symbols": [], "user_mentions": [], "urls": [{"url": "https://t.co/3lneszFg1m", "expanded_url": "https://twitter.com/i/web/status/942088531614236674", "display_url": "twitter.com/i/web/status/9\u2026", "indices": [117, 140]}]}, "metadata": {"iso_language_code": "en", "result_type": "recent"}, "source": "<a href=\"http://twitter.com\" rel=\"nofollow\">Twitter Web Client</a>", "in_reply_to_status_id": null, "in_reply_to_status_id_str": null, "in_reply_to_user_id": null, "in_reply_to_user_id_str": null, "in_reply_to_screen_name": null, "user": {"id": 841437061, "id_str": "841437061", "name": "AI", "screen_name": "DeepLearn007", "location": "", "description": "#ArtificialIntelligence #MachineLearning #DeepLearning #IoT #fintech #Bigdata #Technology #Science Liberal #Robotics #DL #tech #Blockchain MBA MS #Computing #AI", "url": null, "entities": {"description": {"urls": []}}, "protected": false, "followers_count": 77967, "friends_count": 74466, "listed_count": 3494, "created_at": "Sun Sep 23 10:12:53 +0000 2012", "favourites_count": 44173, "utc_offset": -28800, "time_zone": "Pacific Time (US & Canada)", "geo_enabled": false, "verified": false, "statuses_count": 28783, "lang": "en", "contributors_enabled": false, "is_translator": false, "is_translation_enabled": false, "profile_background_color": "C0DEED", "profile_background_image_url": "http://abs.twimg.com/images/themes/theme1/bg.png", "profile_background_image_url_https": "https://abs.twimg.com/images/themes/theme1/bg.png", "profile_background_tile": false, "profile_image_url": "http://pbs.twimg.com/profile_images/748695622140719104/6j_LVovF_normal.jpg", "profile_image_url_https": "https://pbs.twimg.com/profile_images/748695622140719104/6j_LVovF_normal.jpg", "profile_banner_url": "https://pbs.twimg.com/profile_banners/841437061/1473979951", "profile_link_color": "1DA1F2", "profile_sidebar_border_color": "C0DEED", "profile_sidebar_fill_color": "DDEEF6", "profile_text_color": "333333", "profile_use_background_image": true, "has_extended_profile": false, "default_profile": true, "default_profile_image": false, "following": false, "follow_request_sent": false, "notifications": false, "translator_type": "none"}, "geo": null, "coordinates": null, "place": null, "contributors": null, "is_quote_status": false, "retweet_count": 232, "favorite_count": 225, "favorited": false, "retweeted": false, "possibly_sensitive": false, "lang": "en"}, "is_quote_status": false, "retweet_count": 232, "favorite_count": 0, "favorited": false, "retweeted": false, "lang": "en"}, {"created_at": "Sun Dec 17 12:11:31 +0000 2017", "id": 942366648425680896, "id_str": "942366648425680896", "text": "RT:machinelearnbot: RT ahmedjr_16: 7 Best #MachineLearning and #DeepLearning Courses for #DataScientists\u2026 https://t.co/FKaTdyvfx3", "truncated": true, "entities": {"hashtags": [{"text": "MachineLearning", "indices": [42, 58]}, {"text": "DeepLearning", "indices": [63, 76]}, {"text": "DataScientists", "indices": [89, 104]}], "symbols": [], "user_mentions": [], "urls": [{"url": "https://t.co/FKaTdyvfx3", "expanded_url": "https://twitter.com/i/web/status/942366648425680896", "display_url": "twitter.com/i/web/status/9\u2026", "indices": [106, 129]}]}, "metadata": {"iso_language_code": "en", "result_type": "recent"}, "source": "<a href=\"https://ifttt.com\" rel=\"nofollow\">IFTTT</a>", "in_reply_to_status_id": null, "in_reply_to_status_id_str": null, "in_reply_to_user_id": null, "in_reply_to_user_id_str": null, "in_reply_to_screen_name": null, "user": {"id": 230403822, "id_str": "230403822", "name": "Andy Sugden", "screen_name": "AndySugs", "location": "Lancs, NW England", "description": "Father ov 3 who supports LFC & likes 2 do odd T-SQL query. Buzz off SQL BI, House tunes, reading news & airing me views #SQLServer #PowerBI #DataScience #rstats", "url": null, "entities": {"description": {"urls": []}}, "protected": false, "followers_count": 3559, "friends_count": 4984, "listed_count": 274, "created_at": "Sat Dec 25 10:11:58 +0000 2010", "favourites_count": 1817, "utc_offset": null, "time_zone": null, "geo_enabled": true, "verified": false, "statuses_count": 484220, "lang": "en", "contributors_enabled": false, "is_translator": false, "is_translation_enabled": false, "profile_background_color": "C0DEED", "profile_background_image_url": "http://abs.twimg.com/images/themes/theme1/bg.png", "profile_background_image_url_https": "https://abs.twimg.com/images/themes/theme1/bg.png", "profile_background_tile": false, "profile_image_url": "http://pbs.twimg.com/profile_images/482534534768898048/-dVcutqH_normal.jpeg", "profile_image_url_https": "https://pbs.twimg.com/profile_images/482534534768898048/-dVcutqH_normal.jpeg", "profile_banner_url": "https://pbs.twimg.com/profile_banners/230403822/1493417607", "profile_link_color": "1DA1F2", "profile_sidebar_border_color": "C0DEED", "profile_sidebar_fill_color": "DDEEF6", "profile_text_color": "333333", "profile_use_background_image": true, "has_extended_profile": false, "default_profile": true, "default_profile_image": false, "following": false, "follow_request_sent": false, "notifications": false, "translator_type": "none"}, "geo": null, "coordinates": null, "place": null, "contributors": null, "is_quote_status": false, "retweet_count": 0, "favorite_count": 0, "favorited": false, "retweeted": false, "possibly_sensitive": false, "lang": "en"}, {"created_at": "Sun Dec 17 12:11:22 +0000 2017", "id": 942366607472517120, "id_str": "942366607472517120", "text": "@TheAtlantic @alexismadrigal In a capitalist system, how much a company values an outcome is indicated by pay. At t\u2026 https://t.co/2Xp6QykBVS", "truncated": true, "entities": {"hashtags": [], "symbols": [], "user_mentions": [{"screen_name": "TheAtlantic", "name": "The Atlantic", "id": 35773039, "id_str": "35773039", "indices": [0, 12]}, {"screen_name": "alexismadrigal", "name": "Alexis C. Madrigal", "id": 11107172, "id_str": "11107172", "indices": [13, 28]}], "urls": [{"url": "https://t.co/2Xp6QykBVS", "expanded_url": "https://twitter.com/i/web/status/942366607472517120", "display_url": "twitter.com/i/web/status/9\u2026", "indices": [117, 140]}]}, "metadata": {"iso_language_code": "en", "result_type": "recent"}, "source": "<a href=\"http://twitter.com/#!/download/ipad\" rel=\"nofollow\">Twitter for iPad</a>", "in_reply_to_status_id": 942360216586412032, "in_reply_to_status_id_str": "942360216586412032", "in_reply_to_user_id": 35773039, "in_reply_to_user_id_str": "35773039", "in_reply_to_screen_name": "TheAtlantic", "user": {"id": 832247849207341056, "id_str": "832247849207341056", "name": "Denise Lee", "screen_name": "dadavies01", "location": "Georgia, USA", "description": "Writer, technical & creative. Believe in science, women=people, liberty & justice for all. Formerly @dadavies", "url": null, "entities": {"description": {"urls": []}}, "protected": false, "followers_count": 355, "friends_count": 272, "listed_count": 2, "created_at": "Thu Feb 16 15:18:44 +0000 2017", "favourites_count": 65634, "utc_offset": null, "time_zone": null, "geo_enabled": false, "verified": false, "statuses_count": 17455, "lang": "en", "contributors_enabled": false, "is_translator": false, "is_translation_enabled": false, "profile_background_color": "000000", "profile_background_image_url": "http://abs.twimg.com/images/themes/theme1/bg.png", "profile_background_image_url_https": "https://abs.twimg.com/images/themes/theme1/bg.png", "profile_background_tile": false, "profile_image_url": "http://pbs.twimg.com/profile_images/832258696562487297/vRKqtaDF_normal.jpg", "profile_image_url_https": "https://pbs.twimg.com/profile_images/832258696562487297/vRKqtaDF_normal.jpg", "profile_banner_url": "https://pbs.twimg.com/profile_banners/832247849207341056/1487260940", "profile_link_color": "91D2FA", "profile_sidebar_border_color": "000000", "profile_sidebar_fill_color": "000000", "profile_text_color": "000000", "profile_use_background_image": false, "has_extended_profile": false, "default_profile": false, "default_profile_image": false, "following": false, "follow_request_sent": false, "notifications": false, "translator_type": "none"}, "geo": null, "coordinates": null, "place": null, "contributors": null, "is_quote_status": false, "retweet_count": 0, "favorite_count": 0, "favorited": false, "retweeted": false, "lang": "en"}, {"created_at": "Sun Dec 17 12:11:18 +0000 2017", "id": 942366589868896256, "id_str": "942366589868896256", "text": "RT @DeepLearn007: My Favourites 2017: JP Morgan\u2019s massive guide to machine learning and big data\n#AI #MachineLearning #DeepLearning #BigDat\u2026", "truncated": false, "entities": {"hashtags": [{"text": "AI", "indices": [97, 100]}, {"text": "MachineLearning", "indices": [101, 117]}, {"text": "DeepLearning", "indices": [118, 131]}], "symbols": [], "user_mentions": [{"screen_name": "DeepLearn007", "name": "AI", "id": 841437061, "id_str": "841437061", "indices": [3, 16]}], "urls": []}, "metadata": {"iso_language_code": "en", "result_type": "recent"}, "source": "<a href=\"http://twitter.com/download/android\" rel=\"nofollow\">Twitter for Android</a>", "in_reply_to_status_id": null, "in_reply_to_status_id_str": null, "in_reply_to_user_id": null, "in_reply_to_user_id_str": null, "in_reply_to_screen_name": null, "user": {"id": 928097493182582785, "id_str": "928097493182582785", "name": "Tejaswini", "screen_name": "Tejaswi13595979", "location": "Bengaluru, India", "description": "#IOT, #Deep Learning, #Machine Learning", "url": null, "entities": {"description": {"urls": []}}, "protected": false, "followers_count": 42, "friends_count": 5, "listed_count": 0, "created_at": "Wed Nov 08 03:11:00 +0000 2017", "favourites_count": 358, "utc_offset": null, "time_zone": null, "geo_enabled": false, "verified": false, "statuses_count": 526, "lang": "en", "contributors_enabled": false, "is_translator": false, "is_translation_enabled": false, "profile_background_color": "F5F8FA", "profile_background_image_url": null, "profile_background_image_url_https": null, "profile_background_tile": false, "profile_image_url": "http://pbs.twimg.com/profile_images/930794290996903936/eC4TIAg-_normal.jpg", "profile_image_url_https": "https://pbs.twimg.com/profile_images/930794290996903936/eC4TIAg-_normal.jpg", "profile_link_color": "1DA1F2", "profile_sidebar_border_color": "C0DEED", "profile_sidebar_fill_color": "DDEEF6", "profile_text_color": "333333", "profile_use_background_image": true, "has_extended_profile": true, "default_profile": true, "default_profile_image": false, "following": false, "follow_request_sent": false, "notifications": false, "translator_type": "none"}, "geo": null, "coordinates": null, "place": null, "contributors": null, "retweeted_status": {"created_at": "Sun Dec 17 12:04:41 +0000 2017", "id": 942364928865898497, "id_str": "942364928865898497", "text": "My Favourites 2017: JP Morgan\u2019s massive guide to machine learning and big data\n#AI #MachineLearning #DeepLearning\u2026 https://t.co/0AEL14D6wd", "truncated": true, "entities": {"hashtags": [{"text": "AI", "indices": [79, 82]}, {"text": "MachineLearning", "indices": [83, 99]}, {"text": "DeepLearning", "indices": [100, 113]}], "symbols": [], "user_mentions": [], "urls": [{"url": "https://t.co/0AEL14D6wd", "expanded_url": "https://twitter.com/i/web/status/942364928865898497", "display_url": "twitter.com/i/web/status/9\u2026", "indices": [115, 138]}]}, "metadata": {"iso_language_code": "en", "result_type": "recent"}, "source": "<a href=\"http://twitter.com\" rel=\"nofollow\">Twitter Web Client</a>", "in_reply_to_status_id": null, "in_reply_to_status_id_str": null, "in_reply_to_user_id": null, "in_reply_to_user_id_str": null, "in_reply_to_screen_name": null, "user": {"id": 841437061, "id_str": "841437061", "name": "AI", "screen_name": "DeepLearn007", "location": "", "description": "#ArtificialIntelligence #MachineLearning #DeepLearning #IoT #fintech #Bigdata #Technology #Science Liberal #Robotics #DL #tech #Blockchain MBA MS #Computing #AI", "url": null, "entities": {"description": {"urls": []}}, "protected": false, "followers_count": 77967, "friends_count": 74466, "listed_count": 3494, "created_at": "Sun Sep 23 10:12:53 +0000 2012", "favourites_count": 44173, "utc_offset": -28800, "time_zone": "Pacific Time (US & Canada)", "geo_enabled": false, "verified": false, "statuses_count": 28783, "lang": "en", "contributors_enabled": false, "is_translator": false, "is_translation_enabled": false, "profile_background_color": "C0DEED", "profile_background_image_url": "http://abs.twimg.com/images/themes/theme1/bg.png", "profile_background_image_url_https": "https://abs.twimg.com/images/themes/theme1/bg.png", "profile_background_tile": false, "profile_image_url": "http://pbs.twimg.com/profile_images/748695622140719104/6j_LVovF_normal.jpg", "profile_image_url_https": "https://pbs.twimg.com/profile_images/748695622140719104/6j_LVovF_normal.jpg", "profile_banner_url": "https://pbs.twimg.com/profile_banners/841437061/1473979951", "profile_link_color": "1DA1F2", "profile_sidebar_border_color": "C0DEED", "profile_sidebar_fill_color": "DDEEF6", "profile_text_color": "333333", "profile_use_background_image": true, "has_extended_profile": false, "default_profile": true, "default_profile_image": false, "following": false, "follow_request_sent": false, "notifications": false, "translator_type": "none"}, "geo": null, "coordinates": null, "place": null, "contributors": null, "is_quote_status": false, "retweet_count": 11, "favorite_count": 15, "favorited": false, "retweeted": false, "possibly_sensitive": false, "lang": "en"}, "is_quote_status": false, "retweet_count": 11, "favorite_count": 0, "favorited": false, "retweeted": false, "lang": "en"}, {"created_at": "Sun Dec 17 12:11:04 +0000 2017", "id": 942366532474163201, "id_str": "942366532474163201", "text": "JPMorgan's massive guide to machine learning jobs in finance https://t.co/Jt4GX9oGZk", "truncated": false, "entities": {"hashtags": [], "symbols": [], "user_mentions": [], "urls": [{"url": "https://t.co/Jt4GX9oGZk", "expanded_url": "https://lnkd.in/eCSpBJ9", "display_url": "lnkd.in/eCSpBJ9", "indices": [61, 84]}]}, "metadata": {"iso_language_code": "en", "result_type": "recent"}, "source": "<a href=\"http://www.linkedin.com/\" rel=\"nofollow\">LinkedIn</a>", "in_reply_to_status_id": null, "in_reply_to_status_id_str": null, "in_reply_to_user_id": null, "in_reply_to_user_id_str": null, "in_reply_to_screen_name": null, "user": {"id": 3144644218, "id_str": "3144644218", "name": "Ahmed Karam \u0623\u062d\u0645\u062f \u0643\u0631\u0645", "screen_name": "Dr_AhmedKaram", "location": "Kingdom of Saudi Arabia", "description": "\u0645\u0624\u0645\u0646 \u0628\u0627\u0644\u0644\u0647 \u0648\u0645\u0648\u0642\u0646 \u0628\u0642\u062f\u0631\u062a\u0647\n\u0623\u062d\u0628 \u0627\u0644\u0639\u0645\u0644 \u0644\u062e\u062f\u0645\u0629 \u0627\u0644\u0625\u0646\u0633\u0627\u0646\u064a\u0629\n\u0623\u062d\u062a\u0631\u0645 \u062c\u0645\u064a\u0639 \u0645\u0646 \u064a\u0639\u0645\u0644\u0648\u0646 \u0645\u0639\u064a \u0644\u062c\u0639\u0644 \u0639\u0627\u0644\u0645\u0646\u0627 \u0639\u0627\u0644\u0645\u0627\u064e \u0623\u0641\u0636\u0644 \u0645\u0647\u062a\u0645 \u0628\u062a\u0642\u0646\u064a\u0629 \u0648\u0623\u0645\u0646 \u0627\u0644\u0645\u0639\u0644\u0648\u0645\u0627\u062a \u0648\u0628\u0627\u0644\u062a\u062d\u0648\u0644 \u0627\u0644\u0625\u0644\u0643\u062a\u0631\u0648\u0646\u064a \u0648\u0627\u0644\u0645\u062f\u0646 \u0627\u0644\u0630\u0643\u064a\u0629", "url": "https://t.co/NaswMy6VrD", "entities": {"url": {"urls": [{"url": "https://t.co/NaswMy6VrD", "expanded_url": "https://sa.linkedin.com/in/drahmedkaram", "display_url": "sa.linkedin.com/in/drahmedkaram", "indices": [0, 23]}]}, "description": {"urls": []}}, "protected": false, "followers_count": 594, "friends_count": 992, "listed_count": 94, "created_at": "Tue Apr 07 16:49:12 +0000 2015", "favourites_count": 1168, "utc_offset": 10800, "time_zone": "Riyadh", "geo_enabled": true, "verified": false, "statuses_count": 13369, "lang": "en", "contributors_enabled": false, "is_translator": false, "is_translation_enabled": false, "profile_background_color": "000000", "profile_background_image_url": "http://abs.twimg.com/images/themes/theme1/bg.png", "profile_background_image_url_https": "https://abs.twimg.com/images/themes/theme1/bg.png", "profile_background_tile": false, "profile_image_url": "http://pbs.twimg.com/profile_images/807545753153531905/Q7SWPrO4_normal.jpg", "profile_image_url_https": "https://pbs.twimg.com/profile_images/807545753153531905/Q7SWPrO4_normal.jpg", "profile_banner_url": "https://pbs.twimg.com/profile_banners/3144644218/1432281127", "profile_link_color": "1B95E0", "profile_sidebar_border_color": "000000", "profile_sidebar_fill_color": "000000", "profile_text_color": "000000", "profile_use_background_image": false, "has_extended_profile": true, "default_profile": false, "default_profile_image": false, "following": false, "follow_request_sent": false, "notifications": false, "translator_type": "none"}, "geo": null, "coordinates": null, "place": null, "contributors": null, "is_quote_status": false, "retweet_count": 0, "favorite_count": 0, "favorited": false, "retweeted": false, "possibly_sensitive": false, "lang": "en"}, {"created_at": "Sun Dec 17 12:11:02 +0000 2017", "id": 942366522797850624, "id_str": "942366522797850624", "text": "RT @DeepLearn007: My Favourites 2017: JP Morgan\u2019s massive guide to machine learning and big data\n#AI #MachineLearning #DeepLearning #BigDat\u2026", "truncated": false, "entities": {"hashtags": [{"text": "AI", "indices": [97, 100]}, {"text": "MachineLearning", "indices": [101, 117]}, {"text": "DeepLearning", "indices": [118, 131]}], "symbols": [], "user_mentions": [{"screen_name": "DeepLearn007", "name": "AI", "id": 841437061, "id_str": "841437061", "indices": [3, 16]}], "urls": []}, "metadata": {"iso_language_code": "en", "result_type": "recent"}, "source": "<a href=\"http://twitter.com\" rel=\"nofollow\">Twitter Web Client</a>", "in_reply_to_status_id": null, "in_reply_to_status_id_str": null, "in_reply_to_user_id": null, "in_reply_to_user_id_str": null, "in_reply_to_screen_name": null, "user": {"id": 2359444308, "id_str": "2359444308", "name": "Jenn Lawlor", "screen_name": "ejnnlawlro", "location": "Kentucky", "description": "Marketer, marketing teacher, entrepreneur. Homeschooling Mama to three fine  boys. Chocolate lover. New  live!", "url": "http://t.co/ooHRpiHbj3", "entities": {"url": {"urls": [{"url": "http://t.co/ooHRpiHbj3", "expanded_url": "http://www.themarketersapprentice.com/", "display_url": "themarketersapprentice.com", "indices": [0, 22]}]}, "description": {"urls": []}}, "protected": false, "followers_count": 127, "friends_count": 1564, "listed_count": 23, "created_at": "Mon Feb 24 12:44:01 +0000 2014", "favourites_count": 1976, "utc_offset": null, "time_zone": null, "geo_enabled": false, "verified": false, "statuses_count": 2254, "lang": "en", "contributors_enabled": false, "is_translator": false, "is_translation_enabled": true, "profile_background_color": "0099B9", "profile_background_image_url": "http://abs.twimg.com/images/themes/theme4/bg.gif", "profile_background_image_url_https": "https://abs.twimg.com/images/themes/theme4/bg.gif", "profile_background_tile": false, "profile_image_url": "http://pbs.twimg.com/profile_images/610892849089908737/Dmxai8mD_normal.jpg", "profile_image_url_https": "https://pbs.twimg.com/profile_images/610892849089908737/Dmxai8mD_normal.jpg", "profile_link_color": "0099B9", "profile_sidebar_border_color": "5ED4DC", "profile_sidebar_fill_color": "95E8EC", "profile_text_color": "3C3940", "profile_use_background_image": true, "has_extended_profile": false, "default_profile": false, "default_profile_image": false, "following": false, "follow_request_sent": false, "notifications": false, "translator_type": "none"}, "geo": null, "coordinates": null, "place": null, "contributors": null, "retweeted_status": {"created_at": "Sun Dec 17 12:04:41 +0000 2017", "id": 942364928865898497, "id_str": "942364928865898497", "text": "My Favourites 2017: JP Morgan\u2019s massive guide to machine learning and big data\n#AI #MachineLearning #DeepLearning\u2026 https://t.co/0AEL14D6wd", "truncated": true, "entities": {"hashtags": [{"text": "AI", "indices": [79, 82]}, {"text": "MachineLearning", "indices": [83, 99]}, {"text": "DeepLearning", "indices": [100, 113]}], "symbols": [], "user_mentions": [], "urls": [{"url": "https://t.co/0AEL14D6wd", "expanded_url": "https://twitter.com/i/web/status/942364928865898497", "display_url": "twitter.com/i/web/status/9\u2026", "indices": [115, 138]}]}, "metadata": {"iso_language_code": "en", "result_type": "recent"}, "source": "<a href=\"http://twitter.com\" rel=\"nofollow\">Twitter Web Client</a>", "in_reply_to_status_id": null, "in_reply_to_status_id_str": null, "in_reply_to_user_id": null, "in_reply_to_user_id_str": null, "in_reply_to_screen_name": null, "user": {"id": 841437061, "id_str": "841437061", "name": "AI", "screen_name": "DeepLearn007", "location": "", "description": "#ArtificialIntelligence #MachineLearning #DeepLearning #IoT #fintech #Bigdata #Technology #Science Liberal #Robotics #DL #tech #Blockchain MBA MS #Computing #AI", "url": null, "entities": {"description": {"urls": []}}, "protected": false, "followers_count": 77967, "friends_count": 74466, "listed_count": 3494, "created_at": "Sun Sep 23 10:12:53 +0000 2012", "favourites_count": 44173, "utc_offset": -28800, "time_zone": "Pacific Time (US & Canada)", "geo_enabled": false, "verified": false, "statuses_count": 28783, "lang": "en", "contributors_enabled": false, "is_translator": false, "is_translation_enabled": false, "profile_background_color": "C0DEED", "profile_background_image_url": "http://abs.twimg.com/images/themes/theme1/bg.png", "profile_background_image_url_https": "https://abs.twimg.com/images/themes/theme1/bg.png", "profile_background_tile": false, "profile_image_url": "http://pbs.twimg.com/profile_images/748695622140719104/6j_LVovF_normal.jpg", "profile_image_url_https": "https://pbs.twimg.com/profile_images/748695622140719104/6j_LVovF_normal.jpg", "profile_banner_url": "https://pbs.twimg.com/profile_banners/841437061/1473979951", "profile_link_color": "1DA1F2", "profile_sidebar_border_color": "C0DEED", "profile_sidebar_fill_color": "DDEEF6", "profile_text_color": "333333", "profile_use_background_image": true, "has_extended_profile": false, "default_profile": true, "default_profile_image": false, "following": false, "follow_request_sent": false, "notifications": false, "translator_type": "none"}, "geo": null, "coordinates": null, "place": null, "contributors": null, "is_quote_status": false, "retweet_count": 11, "favorite_count": 15, "favorited": false, "retweeted": false, "possibly_sensitive": false, "lang": "en"}, "is_quote_status": false, "retweet_count": 11, "favorite_count": 0, "favorited": false, "retweeted": false, "lang": "en"}, {"created_at": "Sun Dec 17 12:10:57 +0000 2017", "id": 942366502497472512, "id_str": "942366502497472512", "text": "RT @bcarpano: My Favourites 2017: JP Morgan\u2019s massive guide to machine learning and big data\n#AI #MachineLearning #DeepLearning #BigData #F\u2026", "truncated": false, "entities": {"hashtags": [{"text": "AI", "indices": [93, 96]}, {"text": "MachineLearning", "indices": [97, 113]}, {"text": "DeepLearning", "indices": [114, 127]}, {"text": "BigData", "indices": [128, 136]}], "symbols": [], "user_mentions": [{"screen_name": "bcarpano", "name": "ben carpano", "id": 44607361, "id_str": "44607361", "indices": [3, 12]}], "urls": []}, "metadata": {"iso_language_code": "en", "result_type": "recent"}, "source": "<a href=\"https://twitter.com/alevergara78\" rel=\"nofollow\">realtimeApp_reactjs</a>", "in_reply_to_status_id": null, "in_reply_to_status_id_str": null, "in_reply_to_user_id": null, "in_reply_to_user_id_str": null, "in_reply_to_screen_name": null, "user": {"id": 104520454, "id_str": "104520454", "name": "alejandro vergara", "screen_name": "alevergara78", "location": "Santiago, Chile", "description": "Any fool can write code that a computer can understand. Good programmers write code that humans can understand. Martin Fowler.\n#BigData  #machinelearning", "url": "https://t.co/7WtxS2cHYx", "entities": {"url": {"urls": [{"url": "https://t.co/7WtxS2cHYx", "expanded_url": "http://cl.linkedin.com/in/alevergara", "display_url": "cl.linkedin.com/in/alevergara", "indices": [0, 23]}]}, "description": {"urls": []}}, "protected": false, "followers_count": 13004, "friends_count": 719, "listed_count": 4019, "created_at": "Wed Jan 13 15:46:14 +0000 2010", "favourites_count": 1372, "utc_offset": -10800, "time_zone": "Santiago", "geo_enabled": true, "verified": false, "statuses_count": 749608, "lang": "en", "contributors_enabled": false, "is_translator": false, "is_translation_enabled": false, "profile_background_color": "000000", "profile_background_image_url": "http://abs.twimg.com/images/themes/theme1/bg.png", "profile_background_image_url_https": "https://abs.twimg.com/images/themes/theme1/bg.png", "profile_background_tile": false, "profile_image_url": "http://pbs.twimg.com/profile_images/477167045772312577/3q1ssMVN_normal.jpeg", "profile_image_url_https": "https://pbs.twimg.com/profile_images/477167045772312577/3q1ssMVN_normal.jpeg", "profile_link_color": "02243B", "profile_sidebar_border_color": "000000", "profile_sidebar_fill_color": "000000", "profile_text_color": "000000", "profile_use_background_image": false, "has_extended_profile": false, "default_profile": false, "default_profile_image": false, "following": false, "follow_request_sent": false, "notifications": false, "translator_type": "none"}, "geo": null, "coordinates": null, "place": null, "contributors": null, "retweeted_status": {"created_at": "Sun Dec 17 12:10:14 +0000 2017", "id": 942366321601400832, "id_str": "942366321601400832", "text": "My Favourites 2017: JP Morgan\u2019s massive guide to machine learning and big data\n#AI #MachineLearning #DeepLearning\u2026 https://t.co/M8J9KzrFqM", "truncated": true, "entities": {"hashtags": [{"text": "AI", "indices": [79, 82]}, {"text": "MachineLearning", "indices": [83, 99]}, {"text": "DeepLearning", "indices": [100, 113]}], "symbols": [], "user_mentions": [], "urls": [{"url": "https://t.co/M8J9KzrFqM", "expanded_url": "https://twitter.com/i/web/status/942366321601400832", "display_url": "twitter.com/i/web/status/9\u2026", "indices": [115, 138]}]}, "metadata": {"iso_language_code": "en", "result_type": "recent"}, "source": "<a href=\"https://ifttt.com\" rel=\"nofollow\">IFTTT</a>", "in_reply_to_status_id": null, "in_reply_to_status_id_str": null, "in_reply_to_user_id": null, "in_reply_to_user_id_str": null, "in_reply_to_screen_name": null, "user": {"id": 44607361, "id_str": "44607361", "name": "ben carpano", "screen_name": "bcarpano", "location": "Lyon, France", "description": "CEO at Reportlinker; #Entrepreneurship, #Frenchtech #Opendata, #AI, NLP, #MachineLearning  @reportlinker", "url": "http://t.co/DIbqXRwdHg", "entities": {"url": {"urls": [{"url": "http://t.co/DIbqXRwdHg", "expanded_url": "http://www.reportlinker.com", "display_url": "reportlinker.com", "indices": [0, 22]}]}, "description": {"urls": []}}, "protected": false, "followers_count": 1081, "friends_count": 691, "listed_count": 110, "created_at": "Thu Jun 04 12:47:08 +0000 2009", "favourites_count": 10, "utc_offset": -10800, "time_zone": "Greenland", "geo_enabled": false, "verified": false, "statuses_count": 49277, "lang": "en", "contributors_enabled": false, "is_translator": false, "is_translation_enabled": false, "profile_background_color": "C0DEED", "profile_background_image_url": "http://abs.twimg.com/images/themes/theme1/bg.png", "profile_background_image_url_https": "https://abs.twimg.com/images/themes/theme1/bg.png", "profile_background_tile": false, "profile_image_url": "http://pbs.twimg.com/profile_images/823633457997901824/2NiPBN6M_normal.jpg", "profile_image_url_https": "https://pbs.twimg.com/profile_images/823633457997901824/2NiPBN6M_normal.jpg", "profile_banner_url": "https://pbs.twimg.com/profile_banners/44607361/1365514533", "profile_link_color": "1DA1F2", "profile_sidebar_border_color": "C0DEED", "profile_sidebar_fill_color": "DDEEF6", "profile_text_color": "333333", "profile_use_background_image": true, "has_extended_profile": false, "default_profile": true, "default_profile_image": false, "following": false, "follow_request_sent": false, "notifications": false, "translator_type": "none"}, "geo": null, "coordinates": null, "place": null, "contributors": null, "is_quote_status": false, "retweet_count": 1, "favorite_count": 0, "favorited": false, "retweeted": false, "possibly_sensitive": false, "lang": "en"}, "is_quote_status": false, "retweet_count": 1, "favorite_count": 0, "favorited": false, "retweeted": false, "lang": "en"}, {"created_at": "Sun Dec 17 12:10:54 +0000 2017", "id": 942366491839692800, "id_str": "942366491839692800", "text": "RT @techreview: China envisions its \"AI age\" being dominated by mass-produced neural network processing chips, robots that make life easier\u2026", "truncated": false, "entities": {"hashtags": [], "symbols": [], "user_mentions": [{"screen_name": "techreview", "name": "MIT Tech Review", "id": 15808647, "id_str": "15808647", "indices": [3, 14]}], "urls": []}, "metadata": {"iso_language_code": "en", "result_type": "recent"}, "source": "<a href=\"http://twitter.com\" rel=\"nofollow\">Twitter Web Client</a>", "in_reply_to_status_id": null, "in_reply_to_status_id_str": null, "in_reply_to_user_id": null, "in_reply_to_user_id_str": null, "in_reply_to_screen_name": null, "user": {"id": 4183339937, "id_str": "4183339937", "name": "pupu tintin", "screen_name": "pupu_tintin", "location": "Washington, DC", "description": "Transplant from Beijing to DC, economist, keeping this scrapbook journal for my own musings and those of random passersby", "url": null, "entities": {"description": {"urls": []}}, "protected": false, "followers_count": 337, "friends_count": 346, "listed_count": 12, "created_at": "Sat Nov 14 03:16:44 +0000 2015", "favourites_count": 13305, "utc_offset": null, "time_zone": null, "geo_enabled": true, "verified": false, "statuses_count": 4244, "lang": "en", "contributors_enabled": false, "is_translator": false, "is_translation_enabled": false, "profile_background_color": "C0DEED", "profile_background_image_url": "http://abs.twimg.com/images/themes/theme1/bg.png", "profile_background_image_url_https": "https://abs.twimg.com/images/themes/theme1/bg.png", "profile_background_tile": false, "profile_image_url": "http://pbs.twimg.com/profile_images/758437470530707457/pidvQHrw_normal.jpg", "profile_image_url_https": "https://pbs.twimg.com/profile_images/758437470530707457/pidvQHrw_normal.jpg", "profile_banner_url": "https://pbs.twimg.com/profile_banners/4183339937/1470906700", "profile_link_color": "1DA1F2", "profile_sidebar_border_color": "C0DEED", "profile_sidebar_fill_color": "DDEEF6", "profile_text_color": "333333", "profile_use_background_image": true, "has_extended_profile": false, "default_profile": true, "default_profile_image": false, "following": false, "follow_request_sent": false, "notifications": false, "translator_type": "none"}, "geo": null, "coordinates": null, "place": null, "contributors": null, "retweeted_status": {"created_at": "Sat Dec 16 07:02:40 +0000 2017", "id": 941926532737626112, "id_str": "941926532737626112", "text": "China envisions its \"AI age\" being dominated by mass-produced neural network processing chips, robots that make lif\u2026 https://t.co/0wTmVN3zgo", "truncated": true, "entities": {"hashtags": [], "symbols": [], "user_mentions": [], "urls": [{"url": "https://t.co/0wTmVN3zgo", "expanded_url": "https://twitter.com/i/web/status/941926532737626112", "display_url": "twitter.com/i/web/status/9\u2026", "indices": [117, 140]}]}, "metadata": {"iso_language_code": "en", "result_type": "recent"}, "source": "<a href=\"http://www.socialflow.com\" rel=\"nofollow\">SocialFlow</a>", "in_reply_to_status_id": null, "in_reply_to_status_id_str": null, "in_reply_to_user_id": null, "in_reply_to_user_id_str": null, "in_reply_to_screen_name": null, "user": {"id": 15808647, "id_str": "15808647", "name": "MIT Tech Review", "screen_name": "techreview", "location": "Cambridge, MA", "description": "MIT Technology Review equips its audiences with the intelligence to understand a world shaped by technology.", "url": "http://t.co/JWwse7vGcG", "entities": {"url": {"urls": [{"url": "http://t.co/JWwse7vGcG", "expanded_url": "http://www.technologyreview.com", "display_url": "technologyreview.com", "indices": [0, 22]}]}, "description": {"urls": []}}, "protected": false, "followers_count": 790486, "friends_count": 3368, "listed_count": 16934, "created_at": "Mon Aug 11 14:31:16 +0000 2008", "favourites_count": 8022, "utc_offset": -18000, "time_zone": "Eastern Time (US & Canada)", "geo_enabled": true, "verified": true, "statuses_count": 50970, "lang": "en", "contributors_enabled": false, "is_translator": false, "is_translation_enabled": false, "profile_background_color": "131516", "profile_background_image_url": "http://pbs.twimg.com/profile_background_images/692500348/1db869569770d1c9db8e0c5aca8380f3.jpeg", "profile_background_image_url_https": "https://pbs.twimg.com/profile_background_images/692500348/1db869569770d1c9db8e0c5aca8380f3.jpeg", "profile_background_tile": true, "profile_image_url": "http://pbs.twimg.com/profile_images/875400785294532608/feOza3es_normal.jpg", "profile_image_url_https": "https://pbs.twimg.com/profile_images/875400785294532608/feOza3es_normal.jpg", "profile_banner_url": "https://pbs.twimg.com/profile_banners/15808647/1490194569", "profile_link_color": "91D2FA", "profile_sidebar_border_color": "FFFFFF", "profile_sidebar_fill_color": "C0C0C0", "profile_text_color": "333333", "profile_use_background_image": false, "has_extended_profile": false, "default_profile": false, "default_profile_image": false, "following": false, "follow_request_sent": false, "notifications": false, "translator_type": "regular"}, "geo": null, "coordinates": null, "place": null, "contributors": null, "is_quote_status": false, "retweet_count": 94, "favorite_count": 111, "favorited": false, "retweeted": false, "possibly_sensitive": false, "lang": "en"}, "is_quote_status": false, "retweet_count": 94, "favorite_count": 0, "favorited": false, "retweeted": false, "lang": "en"}, {"created_at": "Sun Dec 17 12:10:14 +0000 2017", "id": 942366321601400832, "id_str": "942366321601400832", "text": "My Favourites 2017: JP Morgan\u2019s massive guide to machine learning and big data\n#AI #MachineLearning #DeepLearning\u2026 https://t.co/M8J9KzrFqM", "truncated": true, "entities": {"hashtags": [{"text": "AI", "indices": [79, 82]}, {"text": "MachineLearning", "indices": [83, 99]}, {"text": "DeepLearning", "indices": [100, 113]}], "symbols": [], "user_mentions": [], "urls": [{"url": "https://t.co/M8J9KzrFqM", "expanded_url": "https://twitter.com/i/web/status/942366321601400832", "display_url": "twitter.com/i/web/status/9\u2026", "indices": [115, 138]}]}, "metadata": {"iso_language_code": "en", "result_type": "recent"}, "source": "<a href=\"https://ifttt.com\" rel=\"nofollow\">IFTTT</a>", "in_reply_to_status_id": null, "in_reply_to_status_id_str": null, "in_reply_to_user_id": null, "in_reply_to_user_id_str": null, "in_reply_to_screen_name": null, "user": {"id": 44607361, "id_str": "44607361", "name": "ben carpano", "screen_name": "bcarpano", "location": "Lyon, France", "description": "CEO at Reportlinker; #Entrepreneurship, #Frenchtech #Opendata, #AI, NLP, #MachineLearning  @reportlinker", "url": "http://t.co/DIbqXRwdHg", "entities": {"url": {"urls": [{"url": "http://t.co/DIbqXRwdHg", "expanded_url": "http://www.reportlinker.com", "display_url": "reportlinker.com", "indices": [0, 22]}]}, "description": {"urls": []}}, "protected": false, "followers_count": 1081, "friends_count": 691, "listed_count": 110, "created_at": "Thu Jun 04 12:47:08 +0000 2009", "favourites_count": 10, "utc_offset": -10800, "time_zone": "Greenland", "geo_enabled": false, "verified": false, "statuses_count": 49277, "lang": "en", "contributors_enabled": false, "is_translator": false, "is_translation_enabled": false, "profile_background_color": "C0DEED", "profile_background_image_url": "http://abs.twimg.com/images/themes/theme1/bg.png", "profile_background_image_url_https": "https://abs.twimg.com/images/themes/theme1/bg.png", "profile_background_tile": false, "profile_image_url": "http://pbs.twimg.com/profile_images/823633457997901824/2NiPBN6M_normal.jpg", "profile_image_url_https": "https://pbs.twimg.com/profile_images/823633457997901824/2NiPBN6M_normal.jpg", "profile_banner_url": "https://pbs.twimg.com/profile_banners/44607361/1365514533", "profile_link_color": "1DA1F2", "profile_sidebar_border_color": "C0DEED", "profile_sidebar_fill_color": "DDEEF6", "profile_text_color": "333333", "profile_use_background_image": true, "has_extended_profile": false, "default_profile": true, "default_profile_image": false, "following": false, "follow_request_sent": false, "notifications": false, "translator_type": "none"}, "geo": null, "coordinates": null, "place": null, "contributors": null, "is_quote_status": false, "retweet_count": 1, "favorite_count": 0, "favorited": false, "retweeted": false, "possibly_sensitive": false, "lang": "en"}, {"created_at": "Sun Dec 17 12:10:11 +0000 2017", "id": 942366311287365632, "id_str": "942366311287365632", "text": "Machine Learning &amp;amp; Data Analysts: Seizing the Opportunity in 2018 \nhttps://t.co/8UQ6rQFtw7", "truncated": false, "entities": {"hashtags": [], "symbols": [], "user_mentions": [], "urls": [{"url": "https://t.co/8UQ6rQFtw7", "expanded_url": "http://dataconomy.com/2017/12/machine-learning-data-analysts-seizing-opportunity-2018/", "display_url": "dataconomy.com/2017/12/machin\u2026", "indices": [75, 98]}]}, "metadata": {"iso_language_code": "en", "result_type": "recent"}, "source": "<a href=\"https://twitter.com/DD_Jessica_\" rel=\"nofollow\">JES_DD_App_2</a>", "in_reply_to_status_id": null, "in_reply_to_status_id_str": null, "in_reply_to_user_id": null, "in_reply_to_user_id_str": null, "in_reply_to_screen_name": null, "user": {"id": 2541047887, "id_str": "2541047887", "name": "jessica\ud83c\udfb1", "screen_name": "DD_Jessica_", "location": "Melbourne, Victoria", "description": "analytics lead & investor & advisor. always learning = business & innovation. interested in #bigdata & #datascience. views are my own.", "url": "https://t.co/VS87FlFbv0", "entities": {"url": {"urls": [{"url": "https://t.co/VS87FlFbv0", "expanded_url": "http://datafying.com.au", "display_url": "datafying.com.au", "indices": [0, 23]}]}, "description": {"urls": []}}, "protected": false, "followers_count": 6945, "friends_count": 3059, "listed_count": 185, "created_at": "Mon Jun 02 08:33:09 +0000 2014", "favourites_count": 5220, "utc_offset": 39600, "time_zone": "Melbourne", "geo_enabled": false, "verified": false, "statuses_count": 10830, "lang": "en-gb", "contributors_enabled": false, "is_translator": false, "is_translation_enabled": false, "profile_background_color": "C0DEED", "profile_background_image_url": "http://abs.twimg.com/images/themes/theme1/bg.png", "profile_background_image_url_https": "https://abs.twimg.com/images/themes/theme1/bg.png", "profile_background_tile": false, "profile_image_url": "http://pbs.twimg.com/profile_images/863231430712672260/weKWY1BH_normal.jpg", "profile_image_url_https": "https://pbs.twimg.com/profile_images/863231430712672260/weKWY1BH_normal.jpg", "profile_banner_url": "https://pbs.twimg.com/profile_banners/2541047887/1507974901", "profile_link_color": "91D2FA", "profile_sidebar_border_color": "C0DEED", "profile_sidebar_fill_color": "DDEEF6", "profile_text_color": "333333", "profile_use_background_image": true, "has_extended_profile": false, "default_profile": false, "default_profile_image": false, "following": false, "follow_request_sent": false, "notifications": false, "translator_type": "none"}, "geo": null, "coordinates": null, "place": null, "contributors": null, "is_quote_status": false, "retweet_count": 0, "favorite_count": 0, "favorited": false, "retweeted": false, "possibly_sensitive": false, "lang": "en"}, {"created_at": "Sun Dec 17 12:10:11 +0000 2017", "id": 942366310796849153, "id_str": "942366310796849153", "text": "My Favourites 2017: JP Morgan\u2019s massive guide to machine learning and big data\n#AI #MachineLearning #DeepLearning\u2026 https://t.co/FOHDFbBHvg", "truncated": true, "entities": {"hashtags": [{"text": "AI", "indices": [79, 82]}, {"text": "MachineLearning", "indices": [83, 99]}, {"text": "DeepLearning", "indices": [100, 113]}], "symbols": [], "user_mentions": [], "urls": [{"url": "https://t.co/FOHDFbBHvg", "expanded_url": "https://twitter.com/i/web/status/942366310796849153", "display_url": "twitter.com/i/web/status/9\u2026", "indices": [115, 138]}]}, "metadata": {"iso_language_code": "en", "result_type": "recent"}, "source": "<a href=\"https://ifttt.com\" rel=\"nofollow\">IFTTT</a>", "in_reply_to_status_id": null, "in_reply_to_status_id_str": null, "in_reply_to_user_id": null, "in_reply_to_user_id_str": null, "in_reply_to_screen_name": null, "user": {"id": 467513287, "id_str": "467513287", "name": "Iain Brown, PhD", "screen_name": "IainLJBrown", "location": "London", "description": "Lead #DataScientist @SASSoftwareUK | Author | PhD | Blogger | #DataScience #AI #ML #DL #NLP #CreditRisk #IoT #InsurTech #FinTech | follow | Opinions are my own", "url": "https://t.co/wo8jxLIetd", "entities": {"url": {"urls": [{"url": "https://t.co/wo8jxLIetd", "expanded_url": "https://www.linkedin.com/in/iainljbrown/", "display_url": "linkedin.com/in/iainljbrown/", "indices": [0, 23]}]}, "description": {"urls": []}}, "protected": false, "followers_count": 13573, "friends_count": 13380, "listed_count": 94, "created_at": "Wed Jan 18 15:10:25 +0000 2012", "favourites_count": 243, "utc_offset": -28800, "time_zone": "Pacific Time (US & Canada)", "geo_enabled": false, "verified": false, "statuses_count": 1235, "lang": "en", "contributors_enabled": false, "is_translator": false, "is_translation_enabled": false, "profile_background_color": "000000", "profile_background_image_url": "http://abs.twimg.com/images/themes/theme1/bg.png", "profile_background_image_url_https": "https://abs.twimg.com/images/themes/theme1/bg.png", "profile_background_tile": false, "profile_image_url": "http://pbs.twimg.com/profile_images/922561499180257281/yBm7KkEY_normal.jpg", "profile_image_url_https": "https://pbs.twimg.com/profile_images/922561499180257281/yBm7KkEY_normal.jpg", "profile_banner_url": "https://pbs.twimg.com/profile_banners/467513287/1511965159", "profile_link_color": "3B7CBF", "profile_sidebar_border_color": "000000", "profile_sidebar_fill_color": "000000", "profile_text_color": "000000", "profile_use_background_image": false, "has_extended_profile": true, "default_profile": false, "default_profile_image": false, "following": false, "follow_request_sent": false, "notifications": false, "translator_type": "none"}, "geo": null, "coordinates": null, "place": null, "contributors": null, "is_quote_status": false, "retweet_count": 0, "favorite_count": 0, "favorited": false, "retweeted": false, "possibly_sensitive": false, "lang": "en"}, {"created_at": "Sun Dec 17 12:10:11 +0000 2017", "id": 942366310339526656, "id_str": "942366310339526656", "text": "RT @punchesbears: machine learning soccer. gonna train them overnight because they are still really dumb. https://t.co/cEz6qJdDAc", "truncated": false, "entities": {"hashtags": [], "symbols": [], "user_mentions": [{"screen_name": "punchesbears", "name": "PunchesBears \u314e\u3268\u314e", "id": 3375167474, "id_str": "3375167474", "indices": [3, 16]}], "urls": [], "media": [{"id": 942310373218066432, "id_str": "942310373218066432", "indices": [106, 129], "media_url": "http://pbs.twimg.com/ext_tw_video_thumb/942310373218066432/pu/img/OSYLtnWoO8IcA55U.jpg", "media_url_https": "https://pbs.twimg.com/ext_tw_video_thumb/942310373218066432/pu/img/OSYLtnWoO8IcA55U.jpg", "url": "https://t.co/cEz6qJdDAc", "display_url": "pic.twitter.com/cEz6qJdDAc", "expanded_url": "https://twitter.com/punchesbears/status/942312447842455552/video/1", "type": "photo", "sizes": {"thumb": {"w": 150, "h": 150, "resize": "crop"}, "small": {"w": 680, "h": 426, "resize": "fit"}, "large": {"w": 1148, "h": 720, "resize": "fit"}, "medium": {"w": 1148, "h": 720, "resize": "fit"}}, "source_status_id": 942312447842455552, "source_status_id_str": "942312447842455552", "source_user_id": 3375167474, "source_user_id_str": "3375167474"}]}, "extended_entities": {"media": [{"id": 942310373218066432, "id_str": "942310373218066432", "indices": [106, 129], "media_url": "http://pbs.twimg.com/ext_tw_video_thumb/942310373218066432/pu/img/OSYLtnWoO8IcA55U.jpg", "media_url_https": "https://pbs.twimg.com/ext_tw_video_thumb/942310373218066432/pu/img/OSYLtnWoO8IcA55U.jpg", "url": "https://t.co/cEz6qJdDAc", "display_url": "pic.twitter.com/cEz6qJdDAc", "expanded_url": "https://twitter.com/punchesbears/status/942312447842455552/video/1", "type": "video", "sizes": {"thumb": {"w": 150, "h": 150, "resize": "crop"}, "small": {"w": 680, "h": 426, "resize": "fit"}, "large": {"w": 1148, "h": 720, "resize": "fit"}, "medium": {"w": 1148, "h": 720, "resize": "fit"}}, "source_status_id": 942312447842455552, "source_status_id_str": "942312447842455552", "source_user_id": 3375167474, "source_user_id_str": "3375167474", "video_info": {"aspect_ratio": [287, 180], "duration_millis": 14850, "variants": [{"content_type": "application/x-mpegURL", "url": "https://video.twimg.com/ext_tw_video/942310373218066432/pu/pl/seV0Amq4V6mHXAfa.m3u8"}, {"bitrate": 2176000, "content_type": "video/mp4", "url": "https://video.twimg.com/ext_tw_video/942310373218066432/pu/vid/1148x720/bLm0v0ecHuNfN1Z2.mp4"}, {"bitrate": 832000, "content_type": "video/mp4", "url": "https://video.twimg.com/ext_tw_video/942310373218066432/pu/vid/574x360/IbyByGPZhl3FVHVJ.mp4"}, {"bitrate": 320000, "content_type": "video/mp4", "url": "https://video.twimg.com/ext_tw_video/942310373218066432/pu/vid/286x180/VzZgTXBuRC2L1UMB.mp4"}]}, "additional_media_info": {"monetizable": false, "source_user": {"id": 3375167474, "id_str": "3375167474", "name": "PunchesBears \u314e\u3268\u314e", "screen_name": "punchesbears", "location": "punchesbears at gmail dot com", "description": "Deep Learning, Procedural animation, VR, & vidya games. Working on Wreckoons. A game about stealing trash & being an asshole. Profile doodle by @buenothebear", "url": "https://t.co/xiA5ySq00e", "entities": {"url": {"urls": [{"url": "https://t.co/xiA5ySq00e", "expanded_url": "http://PunchesBears.com", "display_url": "PunchesBears.com", "indices": [0, 23]}]}, "description": {"urls": []}}, "protected": false, "followers_count": 38462, "friends_count": 691, "listed_count": 507, "created_at": "Fri Aug 28 22:42:10 +0000 2015", "favourites_count": 9389, "utc_offset": -28800, "time_zone": "Pacific Time (US & Canada)", "geo_enabled": false, "verified": false, "statuses_count": 10997, "lang": "en", "contributors_enabled": false, "is_translator": false, "is_translation_enabled": false, "profile_background_color": "1A1B1F", "profile_background_image_url": "http://abs.twimg.com/images/themes/theme9/bg.gif", "profile_background_image_url_https": "https://abs.twimg.com/images/themes/theme9/bg.gif", "profile_background_tile": false, "profile_image_url": "http://pbs.twimg.com/profile_images/867532273293373442/cYyF0yky_normal.jpg", "profile_image_url_https": "https://pbs.twimg.com/profile_images/867532273293373442/cYyF0yky_normal.jpg", "profile_banner_url": "https://pbs.twimg.com/profile_banners/3375167474/1513502412", "profile_link_color": "ABB8C2", "profile_sidebar_border_color": "000000", "profile_sidebar_fill_color": "000000", "profile_text_color": "000000", "profile_use_background_image": true, "has_extended_profile": true, "default_profile": false, "default_profile_image": false, "following": false, "follow_request_sent": false, "notifications": false, "translator_type": "none"}}}]}, "metadata": {"iso_language_code": "en", "result_type": "recent"}, "source": "<a href=\"http://twitter.com/download/iphone\" rel=\"nofollow\">Twitter for iPhone</a>", "in_reply_to_status_id": null, "in_reply_to_status_id_str": null, "in_reply_to_user_id": null, "in_reply_to_user_id_str": null, "in_reply_to_screen_name": null, "user": {"id": 53947020, "id_str": "53947020", "name": "lowlines", "screen_name": "lowlines", "location": "Australia", "description": "A community developer who lives in Australia. A bit of a tinkerer, data miner, and an advocate of seeing more games with APIs. Also a GBX Community Badass.", "url": "https://t.co/JSyH6PPSwj", "entities": {"url": {"urls": [{"url": "https://t.co/JSyH6PPSwj", "expanded_url": "http://lowlidev.com.au/", "display_url": "lowlidev.com.au", "indices": [0, 23]}]}, "description": {"urls": []}}, "protected": false, "followers_count": 304, "friends_count": 336, "listed_count": 17, "created_at": "Sun Jul 05 16:42:35 +0000 2009", "favourites_count": 6450, "utc_offset": 34200, "time_zone": "Darwin", "geo_enabled": false, "verified": false, "statuses_count": 5256, "lang": "en", "contributors_enabled": false, "is_translator": false, "is_translation_enabled": false, "profile_background_color": "000000", "profile_background_image_url": "http://abs.twimg.com/images/themes/theme9/bg.gif", "profile_background_image_url_https": "https://abs.twimg.com/images/themes/theme9/bg.gif", "profile_background_tile": false, "profile_image_url": "http://pbs.twimg.com/profile_images/842047076938657793/woIOoCSO_normal.jpg", "profile_image_url_https": "https://pbs.twimg.com/profile_images/842047076938657793/woIOoCSO_normal.jpg", "profile_banner_url": "https://pbs.twimg.com/profile_banners/53947020/1489594644", "profile_link_color": "1B95E0", "profile_sidebar_border_color": "000000", "profile_sidebar_fill_color": "000000", "profile_text_color": "000000", "profile_use_background_image": false, "has_extended_profile": true, "default_profile": false, "default_profile_image": false, "following": false, "follow_request_sent": false, "notifications": false, "translator_type": "none"}, "geo": null, "coordinates": null, "place": null, "contributors": null, "retweeted_status": {"created_at": "Sun Dec 17 08:36:09 +0000 2017", "id": 942312447842455552, "id_str": "942312447842455552", "text": "machine learning soccer. gonna train them overnight because they are still really dumb. https://t.co/cEz6qJdDAc", "truncated": false, "entities": {"hashtags": [], "symbols": [], "user_mentions": [], "urls": [], "media": [{"id": 942310373218066432, "id_str": "942310373218066432", "indices": [88, 111], "media_url": "http://pbs.twimg.com/ext_tw_video_thumb/942310373218066432/pu/img/OSYLtnWoO8IcA55U.jpg", "media_url_https": "https://pbs.twimg.com/ext_tw_video_thumb/942310373218066432/pu/img/OSYLtnWoO8IcA55U.jpg", "url": "https://t.co/cEz6qJdDAc", "display_url": "pic.twitter.com/cEz6qJdDAc", "expanded_url": "https://twitter.com/punchesbears/status/942312447842455552/video/1", "type": "photo", "sizes": {"thumb": {"w": 150, "h": 150, "resize": "crop"}, "small": {"w": 680, "h": 426, "resize": "fit"}, "large": {"w": 1148, "h": 720, "resize": "fit"}, "medium": {"w": 1148, "h": 720, "resize": "fit"}}}]}, "extended_entities": {"media": [{"id": 942310373218066432, "id_str": "942310373218066432", "indices": [88, 111], "media_url": "http://pbs.twimg.com/ext_tw_video_thumb/942310373218066432/pu/img/OSYLtnWoO8IcA55U.jpg", "media_url_https": "https://pbs.twimg.com/ext_tw_video_thumb/942310373218066432/pu/img/OSYLtnWoO8IcA55U.jpg", "url": "https://t.co/cEz6qJdDAc", "display_url": "pic.twitter.com/cEz6qJdDAc", "expanded_url": "https://twitter.com/punchesbears/status/942312447842455552/video/1", "type": "video", "sizes": {"thumb": {"w": 150, "h": 150, "resize": "crop"}, "small": {"w": 680, "h": 426, "resize": "fit"}, "large": {"w": 1148, "h": 720, "resize": "fit"}, "medium": {"w": 1148, "h": 720, "resize": "fit"}}, "video_info": {"aspect_ratio": [287, 180], "duration_millis": 14850, "variants": [{"content_type": "application/x-mpegURL", "url": "https://video.twimg.com/ext_tw_video/942310373218066432/pu/pl/seV0Amq4V6mHXAfa.m3u8"}, {"bitrate": 2176000, "content_type": "video/mp4", "url": "https://video.twimg.com/ext_tw_video/942310373218066432/pu/vid/1148x720/bLm0v0ecHuNfN1Z2.mp4"}, {"bitrate": 832000, "content_type": "video/mp4", "url": "https://video.twimg.com/ext_tw_video/942310373218066432/pu/vid/574x360/IbyByGPZhl3FVHVJ.mp4"}, {"bitrate": 320000, "content_type": "video/mp4", "url": "https://video.twimg.com/ext_tw_video/942310373218066432/pu/vid/286x180/VzZgTXBuRC2L1UMB.mp4"}]}, "additional_media_info": {"monetizable": false}}]}, "metadata": {"iso_language_code": "en", "result_type": "recent"}, "source": "<a href=\"http://twitter.com\" rel=\"nofollow\">Twitter Web Client</a>", "in_reply_to_status_id": null, "in_reply_to_status_id_str": null, "in_reply_to_user_id": null, "in_reply_to_user_id_str": null, "in_reply_to_screen_name": null, "user": {"id": 3375167474, "id_str": "3375167474", "name": "PunchesBears \u314e\u3268\u314e", "screen_name": "punchesbears", "location": "punchesbears at gmail dot com", "description": "Deep Learning, Procedural animation, VR, & vidya games. Working on Wreckoons. A game about stealing trash & being an asshole. Profile doodle by @buenothebear", "url": "https://t.co/xiA5ySq00e", "entities": {"url": {"urls": [{"url": "https://t.co/xiA5ySq00e", "expanded_url": "http://PunchesBears.com", "display_url": "PunchesBears.com", "indices": [0, 23]}]}, "description": {"urls": []}}, "protected": false, "followers_count": 38462, "friends_count": 691, "listed_count": 507, "created_at": "Fri Aug 28 22:42:10 +0000 2015", "favourites_count": 9389, "utc_offset": -28800, "time_zone": "Pacific Time (US & Canada)", "geo_enabled": false, "verified": false, "statuses_count": 10997, "lang": "en", "contributors_enabled": false, "is_translator": false, "is_translation_enabled": false, "profile_background_color": "1A1B1F", "profile_background_image_url": "http://abs.twimg.com/images/themes/theme9/bg.gif", "profile_background_image_url_https": "https://abs.twimg.com/images/themes/theme9/bg.gif", "profile_background_tile": false, "profile_image_url": "http://pbs.twimg.com/profile_images/867532273293373442/cYyF0yky_normal.jpg", "profile_image_url_https": "https://pbs.twimg.com/profile_images/867532273293373442/cYyF0yky_normal.jpg", "profile_banner_url": "https://pbs.twimg.com/profile_banners/3375167474/1513502412", "profile_link_color": "ABB8C2", "profile_sidebar_border_color": "000000", "profile_sidebar_fill_color": "000000", "profile_text_color": "000000", "profile_use_background_image": true, "has_extended_profile": true, "default_profile": false, "default_profile_image": false, "following": false, "follow_request_sent": false, "notifications": false, "translator_type": "none"}, "geo": null, "coordinates": null, "place": null, "contributors": null, "is_quote_status": false, "retweet_count": 22, "favorite_count": 171, "favorited": false, "retweeted": false, "possibly_sensitive": false, "lang": "en"}, "is_quote_status": false, "retweet_count": 22, "favorite_count": 0, "favorited": false, "retweeted": false, "possibly_sensitive": false, "lang": "en"}, {"created_at": "Sun Dec 17 12:10:09 +0000 2017", "id": 942366303481888768, "id_str": "942366303481888768", "text": "My Favourites 2017: JP Morgan\u2019s massive guide to machine learning and big data\n#AI #MachineLearning #DeepLearning\u2026 https://t.co/oBzwZVHbS2", "truncated": true, "entities": {"hashtags": [{"text": "AI", "indices": [79, 82]}, {"text": "MachineLearning", "indices": [83, 99]}, {"text": "DeepLearning", "indices": [100, 113]}], "symbols": [], "user_mentions": [], "urls": [{"url": "https://t.co/oBzwZVHbS2", "expanded_url": "https://twitter.com/i/web/status/942366303481888768", "display_url": "twitter.com/i/web/status/9\u2026", "indices": [115, 138]}]}, "metadata": {"iso_language_code": "en", "result_type": "recent"}, "source": "<a href=\"https://ifttt.com\" rel=\"nofollow\">IFTTT</a>", "in_reply_to_status_id": null, "in_reply_to_status_id_str": null, "in_reply_to_user_id": null, "in_reply_to_user_id_str": null, "in_reply_to_screen_name": null, "user": {"id": 176801733, "id_str": "176801733", "name": "ReportLinker", "screen_name": "ReportLinker", "location": "Lyon, France", "description": "ReportLinker is a search engine for economic & industry statistics. Our platform contains 4 Mn PDFs and 150 Mn statistics from more than 20 000 trusted sources.", "url": "http://t.co/pro1n7JVt8", "entities": {"url": {"urls": [{"url": "http://t.co/pro1n7JVt8", "expanded_url": "http://www.reportlinker.com", "display_url": "reportlinker.com", "indices": [0, 22]}]}, "description": {"urls": []}}, "protected": false, "followers_count": 4872, "friends_count": 2268, "listed_count": 527, "created_at": "Tue Aug 10 13:40:07 +0000 2010", "favourites_count": 808, "utc_offset": 3600, "time_zone": "Paris", "geo_enabled": false, "verified": false, "statuses_count": 15681, "lang": "en", "contributors_enabled": false, "is_translator": false, "is_translation_enabled": false, "profile_background_color": "1366A1", "profile_background_image_url": "http://pbs.twimg.com/profile_background_images/694032709/95bb63b9555bbe007f967e8a7dad1e32.jpeg", "profile_background_image_url_https": "https://pbs.twimg.com/profile_background_images/694032709/95bb63b9555bbe007f967e8a7dad1e32.jpeg", "profile_background_tile": false, "profile_image_url": "http://pbs.twimg.com/profile_images/884713673910079489/1dIPT-kG_normal.jpg", "profile_image_url_https": "https://pbs.twimg.com/profile_images/884713673910079489/1dIPT-kG_normal.jpg", "profile_banner_url": "https://pbs.twimg.com/profile_banners/176801733/1501675359", "profile_link_color": "1366A1", "profile_sidebar_border_color": "FFFFFF", "profile_sidebar_fill_color": "DDEEF6", "profile_text_color": "333333", "profile_use_background_image": false, "has_extended_profile": false, "default_profile": false, "default_profile_image": false, "following": false, "follow_request_sent": false, "notifications": false, "translator_type": "none"}, "geo": null, "coordinates": null, "place": null, "contributors": null, "is_quote_status": false, "retweet_count": 0, "favorite_count": 0, "favorited": false, "retweeted": false, "possibly_sensitive": false, "lang": "en"}, {"created_at": "Sun Dec 17 12:09:46 +0000 2017", "id": 942366204890464257, "id_str": "942366204890464257", "text": "Machine Learning Opportunities for Marketing: An Expert Consensus \nhttps://t.co/CEbZUnTES9", "truncated": false, "entities": {"hashtags": [], "symbols": [], "user_mentions": [], "urls": [{"url": "https://t.co/CEbZUnTES9", "expanded_url": "http://ow.ly/iefj3098TQF", "display_url": "ow.ly/iefj3098TQF", "indices": [67, 90]}]}, "metadata": {"iso_language_code": "en", "result_type": "recent"}, "source": "<a href=\"https://twitter.com/DD_NaNa_\" rel=\"nofollow\">NANA_DD_App_2</a>", "in_reply_to_status_id": null, "in_reply_to_status_id_str": null, "in_reply_to_user_id": null, "in_reply_to_user_id_str": null, "in_reply_to_screen_name": null, "user": {"id": 2782310810, "id_str": "2782310810", "name": "nana\u2615\ufe0f", "screen_name": "DD_NaNa_", "location": "Melbourne Australia", "description": "\ud83d\udc69\ud83c\udffb\u200d\ud83d\udcbbCoffee \u2615\ufe0f\u2615\ufe0f with data | Turning data into actionable insights | Lets talk #data | Feeds from @DATAFYiNG & Sharing some of my readings \ud83d\udcc3", "url": "https://t.co/VS87FlFbv0", "entities": {"url": {"urls": [{"url": "https://t.co/VS87FlFbv0", "expanded_url": "http://datafying.com.au", "display_url": "datafying.com.au", "indices": [0, 23]}]}, "description": {"urls": []}}, "protected": false, "followers_count": 23450, "friends_count": 7112, "listed_count": 731, "created_at": "Sun Aug 31 13:41:57 +0000 2014", "favourites_count": 21158, "utc_offset": 39600, "time_zone": "Melbourne", "geo_enabled": false, "verified": false, "statuses_count": 24034, "lang": "en-gb", "contributors_enabled": false, "is_translator": false, "is_translation_enabled": false, "profile_background_color": "000000", "profile_background_image_url": "http://abs.twimg.com/images/themes/theme14/bg.gif", "profile_background_image_url_https": "https://abs.twimg.com/images/themes/theme14/bg.gif", "profile_background_tile": false, "profile_image_url": "http://pbs.twimg.com/profile_images/917290679658618881/8JWGQ-U5_normal.jpg", "profile_image_url_https": "https://pbs.twimg.com/profile_images/917290679658618881/8JWGQ-U5_normal.jpg", "profile_banner_url": "https://pbs.twimg.com/profile_banners/2782310810/1409832896", "profile_link_color": "433E3F", "profile_sidebar_border_color": "000000", "profile_sidebar_fill_color": "000000", "profile_text_color": "000000", "profile_use_background_image": false, "has_extended_profile": false, "default_profile": false, "default_profile_image": false, "following": false, "follow_request_sent": false, "notifications": false, "translator_type": "none"}, "geo": null, "coordinates": null, "place": null, "contributors": null, "is_quote_status": false, "retweet_count": 0, "favorite_count": 0, "favorited": false, "retweeted": false, "possibly_sensitive": false, "lang": "en"}], "search_metadata": {"completed_in": 0.06, "max_id": 942366656449449984, "max_id_str": "942366656449449984", "next_results": "?max_id=942366204890464256&q=Machine%20Learning&include_entities=1", "query": "Machine+Learning", "refresh_url": "?since_id=942366656449449984&q=Machine%20Learning&include_entities=1", "count": 15, "since_id": 0, "since_id_str": "0"}}